Patient_ID,Name,Age,Gender,Diagnosis,Treatment,Doctor,Cost,Discount,Visit_Date
1,Alice ,52,Female,Heart Disease,Surgery,Dr. Johnson,19019.21,N/A,2024-04-16
2,James ,72,Female,Diabetes,Medication,Dr. Smith,12013.3,,2024-04-12
3,Olivia ,83,Male,Arthritis,Surgery,Dr. Lee,2089.5,0,2024-03-28
4,Bob,24,Female,Flu,Surgery,Dr. Johnson,13052.68,0.1,2024-11-04
5,Alice ,2,Male,Covid-19,Therapy,Dr. Wilson,14467.78,0,2024-10-20
6,Emma,2,Female,Hypertension,Therapy,Dr. Wilson,3718.32,0.1,2024-10-03
7,Olivia,33,Male,Diabetes,Surgery,Dr. Brown,6154.42,0.05,2024-01-22
8,Alice,89,Female,Covid-19,Surgery,Dr. Brown,5895.46,N/A,2024-02-28
9,Tom,42,Male,Asthma,Surgery,Dr. Johnson,1028.65,0.1,2024-07-06
10,James,80,Female,Diabetes,Surgery,Dr. Smith,4732.15,0.15,2024-06-23
11,Tom ,62,Female,Heart Disease,Observation,Dr. Lee,4073.51,N/A,2024-02-24
12,Emma,64,Male,Heart Disease,Therapy,Dr. Wilson,9388.58,,2024-11-02
13,Sophia,7,Male,Cancer,Medication,Dr. Smith,3493.43,0.05,2024-06-15
14,Bob,18,Female,Hypertension,Observation,Dr. Lee,18982.82,0.15,2024-11-11
15,James,14,Male,Hypertension,Therapy,Dr. Brown,16187.11,0.15,2024-09-21
16,Bob,53,Female,Asthma,Medication,Dr. Brown,4694.79,,2024-04-01
17,Olivia,60,Female,Asthma,Medication,Dr. Wilson,2528.56,0,2024-09-20
18,Alice,47,Female,Heart Disease,Medication,Dr. Johnson,3549.96,0,2024-03-21
19,Alice,36,Male,Asthma,Surgery,Dr. Lee,3726.5,0.05,2024-01-02
20,Tom,6,Female,Heart Disease,Surgery,Dr. Brown,4238.04,N/A,2024-09-16
21,David,54,Female,Hypertension,Surgery,Dr. Johnson,723.13,0,2024-08-05
22,Olivia,44,Male,Diabetes,Medication,Dr. Smith,18796.03,0,2024-09-26
23,David ,48,Male,Flu,Observation,Dr. Johnson,6598.16,N/A,2024-08-02
24,Olivia,62,Male,Cancer,Observation,Dr. Johnson,6574.07,N/A,2024-07-26
25,Sophia,82,Female,Cancer,Medication,Dr. Smith,10839.87,N/A,2024-10-06
26,David,26,Male,Heart Disease,Surgery,Dr. Johnson,19308.58,0.05,2024-07-06
27,Sophia,41,Female,Heart Disease,Medication,Dr. Lee,5995.84,,2024-10-27
28,Alice ,65,Male,Hypertension,Surgery,Dr. Johnson,411.16,0.15,2024-01-09
29,Mary,88,Male,Asthma,Observation,Dr. Smith,7958.14,0.1,2024-05-15
30,Emma,88,Female,Asthma,Surgery,Dr. Brown,380.19,0,2024-03-21
31,Olivia,8,Male,Covid-19,Medication,Dr. Smith,14607.24,,2024-10-15
32,James,5,Male,Asthma,Medication,Dr. Wilson,18533.39,0.05,2024-02-10
33,Sophia,28,Male,Diabetes,Medication,Dr. Lee,17275.76,,2024-11-23
34,James,12,Female,Heart Disease,Therapy,Dr. Johnson,6684.87,0.05,2024-02-17
35,Tom,23,Male,Diabetes,Observation,Dr. Wilson,13409.94,0,2024-10-19
36,Alice,44,Female,Asthma,Therapy,Dr. Smith,12787.39,0.1,2024-02-04
37,Tom,65,Female,Diabetes,Therapy,Dr. Smith,7720.24,0.05,2024-05-10
38,Tom,1,Male,Asthma,Therapy,Dr. Brown,14462.42,N/A,2024-09-11
39,David,14,Female,Cancer,Therapy,Dr. Smith,9926.53,0.15,2024-07-25
40,Tom ,15,Female,Asthma,Therapy,Dr. Johnson,2306.73,,2024-06-27
41,Sophia,63,Male,Hypertension,Surgery,Dr. Wilson,N/A,0.1,2024-12-17
42,Olivia,52,Female,Asthma,Medication,Dr. Brown,11309.18,0,2024-08-09
43,David,23,Male,Hypertension,Therapy,Dr. Wilson,12127.91,0.15,2024-05-22
44,Olivia,43,Male,Asthma,Surgery,Dr. Lee,N/A,N/A,2024-01-29
45,David,36,Female,Heart Disease,Therapy,Dr. Johnson,18862.79,0,2024-11-22
46,Sophia,59,Female,Heart Disease,Surgery,Dr. Lee,13926.22,0.05,2024-10-10
47,Mary ,66,Male,Arthritis,Therapy,Dr. Brown,12524.65,0.1,2024-03-02
48,David,57,Female,Covid-19,Medication,Dr. Smith,2199.34,0.1,2024-10-10
49,Bob,28,Female,Diabetes,Medication,Dr. Wilson,4446.96,N/A,2024-12-05
50,David,30,Male,Arthritis,Surgery,Dr. Brown,N/A,0.15,2024-11-26
51,John,89,Male,Covid-19,Observation,Dr. Smith,6428.27,0.1,2024-08-12
52,Olivia,1,Male,Flu,Therapy,Dr. Lee,4635.91,N/A,2024-04-30
53,Tom,77,Male,Arthritis,Observation,Dr. Johnson,17228.54,0.1,2024-12-24
54,Sophia,70,Male,Flu,Therapy,Dr. Johnson,10263.87,,2024-05-16
55,Olivia,62,Female,Cancer,Observation,Dr. Johnson,4519.95,N/A,2024-11-02
56,Bob,44,Female,Covid-19,Medication,Dr. Johnson,4958.1,0.05,2024-11-10
57,Mary,32,Male,Heart Disease,Observation,Dr. Wilson,10423.93,0,2024-08-20
58,Emma,52,Male,Arthritis,Observation,Dr. Lee,7336.23,N/A,2024-02-21
59,John,12,Male,Arthritis,Surgery,Dr. Johnson,5110.47,N/A,2024-04-22
60,James,56,Male,Hypertension,Observation,Dr. Johnson,834.05,N/A,2024-04-22
61,James,2,Female,Cancer,Observation,Dr. Wilson,10103.31,0.05,2024-02-23
62,Emma,87,Male,Flu,Observation,Dr. Johnson,5645.06,0,2024-08-12
63,Tom,1,Female,Covid-19,Medication,Dr. Johnson,4867.28,0.15,2024-05-09
64,Bob,53,Male,Arthritis,Observation,Dr. Brown,9840.11,0.15,2024-06-08
65,John,70,Female,Arthritis,Medication,Dr. Wilson,4916.9,0,2024-11-19
66,David,55,Female,Arthritis,Surgery,Dr. Lee,15256.23,0.15,2024-05-02
67,Emma ,17,Female,Arthritis,Surgery,Dr. Lee,14591.51,,2024-10-06
68,James ,69,Female,Diabetes,Medication,Dr. Lee,12682.89,0.15,2024-07-16
69,Bob ,86,Female,Covid-19,Surgery,Dr. Lee,10761.92,0.15,2024-08-27
70,Tom,16,Female,Flu,Medication,Dr. Lee,N/A,,2024-04-06
71,John,73,Female,Heart Disease,Medication,Dr. Smith,6483.52,0.05,2024-11-21
72,Mary,80,Male,Heart Disease,Surgery,Dr. Lee,911.43,,2024-05-27
73,Mary,59,Female,Covid-19,Surgery,Dr. Wilson,4482.8,N/A,2024-12-11
74,Alice,67,Male,Flu,Medication,Dr. Wilson,N/A,0.1,2024-05-26
75,Olivia,20,Female,Arthritis,Surgery,Dr. Smith,12938.94,N/A,2024-11-03
76,Mary,33,Female,Hypertension,Medication,Dr. Brown,8011.68,N/A,2024-02-08
77,David ,82,Female,Diabetes,Observation,Dr. Lee,16770.43,0.1,2024-09-23
78,Emma,57,Female,Asthma,Therapy,Dr. Wilson,2358.12,,2024-05-30
79,Emma,31,Female,Covid-19,Surgery,Dr. Smith,17559.05,0.15,2024-04-08
80,Mary,7,Female,Covid-19,Medication,Dr. Lee,13233.68,0.05,2024-12-11
81,Emma,60,Female,Covid-19,Therapy,Dr. Wilson,5290.5,0.1,2024-10-30
82,James ,12,Male,Hypertension,Surgery,Dr. Lee,11210.04,0.05,2024-06-08
83,Emma,9,Female,Cancer,Medication,Dr. Smith,5649.54,0.15,2024-05-26
84,Mary,48,Female,Cancer,Therapy,Dr. Lee,16948.56,,2024-05-31
85,David,54,Female,Flu,Therapy,Dr. Brown,15619.52,N/A,2024-04-25
86,Mary,75,Male,Heart Disease,Surgery,Dr. Lee,18719.14,,2024-04-13
87,James,84,Male,Heart Disease,Therapy,Dr. Johnson,11655.66,0.1,2024-04-21
88,John,89,Male,Flu,Medication,Dr. Smith,13303.69,N/A,2024-12-14
89,Bob,18,Female,Hypertension,Medication,Dr. Wilson,3300.08,0.15,2024-12-03
90,Emma,66,Male,Flu,Observation,Dr. Smith,13868.71,0.15,2024-07-26
91,Emma ,61,Male,Asthma,Surgery,Dr. Wilson,4562.96,0,2024-06-09
92,Mary,68,Female,Heart Disease,Observation,Dr. Lee,4821.26,0.1,2024-10-03
93,Olivia,48,Female,Diabetes,Medication,Dr. Johnson,14955.18,0.1,2024-05-14
94,Alice,67,Male,Hypertension,Surgery,Dr. Smith,13186.5,N/A,2024-02-02
95,Olivia,48,Male,Heart Disease,Therapy,Dr. Brown,1964.13,0.15,2024-01-22
96,Alice,30,Female,Heart Disease,Observation,Dr. Smith,19462.91,N/A,2024-12-30
97,Bob,51,Male,Hypertension,Medication,Dr. Johnson,17851.73,,2024-10-09
98,Olivia,27,Female,Hypertension,Observation,Dr. Brown,15916.74,0.1,2024-10-12
99,James,28,Female,Hypertension,Medication,Dr. Lee,13411.59,,2024-11-12
100,Tom ,48,Male,Diabetes,Therapy,Dr. Wilson,N/A,0.05,2024-05-26
